headline,label
"My [25 M] roommates [21 M, 23 M, 25 M] don't brush their teeth- ever.",0
DAE women are hitler?,0
Why I Swallowed The Pill Now,0
TOP BEST MOST ALFALFA COMMENTS EVAR,1
[Newest alfalfa tactic] JUST STARE AT THEM BETA n GETZ ALL TEH BITCHES!!,-1
Scientific evidence showing the advantages of being alpha,1
Selena Gomez prices AWALT in one lyric,0
LOOKIT DIS BITCH TAKING THIS ALFALFA IN HER MOUTH,-1
"NASDAQ Announces: ""Exchange rate between Commitment/Days and GSBs (Global Standard Blowjob) shifts from 0.13 to 0.33."" This means than while women previously owed men a blowjob for every ~8 days of commitment, women will now be obliged to give head after just 3 days.",1
Treating Women Like Children,1
A true ALPHA is a gay ALPHA.,1
hey trp!!!!!!!!!!!!,0
American Women are Whores,-1
"I finally did it! I banged 100 10/10's at the same time, and it's thanks to you ALFALFAs!",1
FUCK BITHES GET MONEY,-1
Jack Schaap OWNS bluepill feminazis.,0
There aren't any straight bars in my city...,0
[God why can I post this and not even have to change the title?]DAE notice that a red pill man in a serious relationship turns the woman red pill?,0
NEW YEARS RESOLUTIONS,0
WHY ARE WOMAN OFFENDED ALL THE TIME?,-1
I AM TRANSGENDER AMA!,0
Today's lesson: Dread Game,-1
DAE HATE FRIENDZONING SLUTS?!??,-1
Where's the ALPHA option?,0
I'm an alpha-kin and I don't know how to handle it.,0
How Blue Pill is Society in All Areas?,0
This is what a real Alpha Male looks like,1
DAE NOT HATE WOMEN?,1
NEVER TELL THAT BITCH SHE'S BEAUTIFUL AND YOU LOVE HER YOU BETA,1
THANK YOU FOR SHOWING ME TEH LIGHT TRP!!!!!,1
It finally happened!,0
I think cats are a fucking conspiracy,-1
Red Pill Theory: Does Woman Want Thing?,0
NEGGING HOW TO,0
holy shit empiracl proof science that all women are evil harpies [pokemon white 2],-1
NEVER TALK TO BITCHES EXCEPT FOR GRABBIN PUSSY,1
AWALT amirite?!?,0
Is Kishimoto a Red Piller?,0
"This man knows how to be a true alfa. Take notes, beta scum",1
NSFW Literally what femenazi's do to you during fucking,0
The next level in Game^TM: Super Saiyan 4 Alpha,1
"MOST ALFALFA ANIMU OF ALL TIME! ALMOST NO WOMYN, AND ALL ABOUT TRUE MANLINESS!!",1
The Prince of Persuasia's three-step program,0
DAE FEMINIST BITCHIZ RUINED SOCIETY?!?!? (x-post from thebluepill),-1
I am an Alpha Mod! Ask me anything about bitches!!,-1
The Chinese character for argument is just 'woman' twice.,-1
"[TW: The most alfalfa shit you will ever read]Womyn, like all inferior beings, are transient and cannot think for themselves",-1
This is what the red pill actually believe,0
Beta BPer apologizes,1
Welcome!,1
Any creative advice of how to do cuckolding roleplay with nerdy MF couple. Everything is arranged and consensual. Safeword established. Testing done.,1
SMBC Gets It: Alpha Scientists discover the truth behind women,1
Statistical proof that TRP is theory is correct.,0
Check out /r/ciswhiteprivilege,0
This is what redpillers actually believe,0
MY MOST ALFALFA TEE-SHIRT!,0
"Samsung swallowed the red pill, is releasing an alpha smartphone",0
"TIL that, in 1979, Ted Bundy disclosed that TRP was his favourite subreddit, rating it '11/10 - not too bad'.",0
The TRP brave new world,1
The Red Pill's mascot,0
How a true alpha runs his game,1
Stoic gentleman demonstrates correct course of behavior in the face of temptation,0
Blue Pillers often claim that we have a double standard when it comes to women,0
"2 years ago today, I solved my psychopussy marriage addiction by becoming a paranoid crossfitting sociopath. Validate me, beta cucks!",1
"[HELP ME] Took the wrong pill, am now shitting uncontrollably",-1
I'm so alpha I became gay so I can avoid females and their beta habits,-1
YALL CAMWHORES BETTER LISTEN TO A REEL ALFALFA MALE,1
Are White Women The Greatest Threat To Successful Black Men?,1
"Bow to our new alpha overlord, /u/TRPGAINZ",0
"The basics explained, and our direction for 2014.",0
If bitches weren't such bitches and opened their legs more there wouldn't be any school shootings amirite?,-1
Pure alpha. Makes all the grills wet,0
"Found on a video of a kid comforting a girl on her first day of school, of all things.",1
I love Red Pillers. I love Red pillers. I love Red pillers. Please approve of me. I will literally do ANYTHING for approval,1
Two nurses said it would be better for my wife to stay overnight with our daughter instead of me,1
"I am a sexually repressed woman here to confirm all of your fantasies, AMA!!",-1
The only movie Alphas let their women watch,0
DO YOU KNOW HOW TO TEXT BITCHES? NOW YOU KNOW HOW TO TEXT BITCHES. SPONSORED BY SAM[ALPHA]SUNG.,-1
"You don't need to be alpha, you just need to trigger wymn's weak obsession story!",-1
"LE STUPID FEMINAZIS TRYING TO MAKE TRP LOOK BAD. EVERYONE, TOTALLY NOT BRIGADE THE THREAD! (LOL JK, FUCK BITCHES, GET MONEH!!)",-1
A true alfalfa everyone. Take notes!,1
I AM A ALPHA AND I BANG CHICKS,0
Virgin Media confirmed for alpha,0
Badass pickup artist and Return of Kings writer demonstrates why Game is effective.,1
The Stupid Chronicles: Meninism Is Also Retarded,-1
"So, to sum up the red pill theory...",0
WAKE UP SHEEPLE!!!!!!!!! (x-post from /r/TumblrInAction),0
DAE???????,0
DAE WOMEN LITERALLY PREFER SEXIST GUYS?????,0
"LISTEN UP FELLOW ALFALFAS ""RAPE CULTURE"" IS A BULLSHIT LIE BY WOMEN WHO WANT TO FIGHT US",-1
Some advice on picking up bitches from /r/TumblrInAction,-1
Down with the patriarchy,0
Field Report: Negging; it really works!,0
"Slutty Flings and Virginal Rings: 9 Chicks To Do Before You Die. I Mean, Marry",-1
"My woman doesn't text me for three hours after collapsing exhausted on a couch, HOW DARE SHE OFFEND MY INSECURITIES AND FEELZ!!",-1
DAE Women literally cannot feel love?,-1
"Did u kno that shiba inus are the closest related domesticated canine to the wolf? wow, so alflalfa",1
Found the cock carousel all the hypergamous sluts are riding:,-1
DAE HATE WOMYN?,-1
Great article on LTR game.,1
Alpha MGTOW explains feminism,0
A Baby Daddy’s Letter to His Little Boy (About His Future Hookups),0
"[META] Why do we still refer to it as ""the Red Pill""?",0
Red Pill advertising,0
Red Pill Top Tip: murder your family to murder some pussy!,-1
"Assholes know how to keep a girl in love with him, while nice guys give a girl too much so she can explore other options!",1
ALFALFA MALE,0
"[META][OOC] As if it had to be said: YES, THEREDPILLCIRCLEJERK DOES NOT LIKE THEREDPILL!!!",1
Alpha researchers PROVE how to escape the friendzone and just get sex,0
Did your girlfriend get raped? Dump her dumb ass for not listening to you!,-1
"HEY THIS IS A GUY WE AGREE WITH!! OH WAIT, HE SAYS WE ARE ALL RETARDED SEXISTS? IS THIS A MOMENT OF SELF REFLECTION AMD PERHAPS A CHANGE IN DIALOGUE? LOL NOPE!!",1
Im getting all da bitches as an otaku,-1
This guy is so alfalfa he doesn't even NEED to date,0
DAE hate marriages where you can't rape your wife????,1
Help! Negging and Bitches,-1
Amirite guise?,0
Dwight is a fellow alpha,0
A demonstration of TRP strategy,0
Women: Know Your Limits!,0
Master Shake explains Red Pill truths,1
DAE BITCHES WITH SHORT HAIR ARE BITCHES?,-1
A SONG FOR A TRUE ALFALFA,1
"I don't know if this has already been posted, but just to make sure that it is.",1
Women's rights.,0
WOMEN CANNOT MMA,0
"""The feminist agenda is not about equal rights for women. It is about a socialist, anti-family political movement that encourages women to leave their husbands, kill their children, practice witchcraft, destroy capitalism and become lesbians.""",-1
Thinking Alpha: Defending Against Bluffs,0
"Alpha, Ross Jeffries, teaches us the secret cheat codes to give a woman the gina tingles",-1
[META] PETITION TO MAKE FREE! THE OFFICIAL ANIMU OF THEREDPILLCIRCLEJERK,1
Women are Children,0
What I say whenever I'm told to check my privilege...,0
Evil feminists infiltrate the news to spread negative propaganda about true alfalfa males,-1
Alpha science experiment. My prediction is I am both handsome AND ALPHA!,1
Dom chimes in on self-improvement. Listen carefully.,0
"Report: Rising Number Of Weak, Emasculated Men Working As Stay-At-Home Dads (xpost /r/basicincome)",-1
[100% SCEINCE] Alpha-dog Feynman wins Nobel prize for Red Pill plate spinning theory,1
The Red Pill Anthem,0
Santa Barbara shooter killed 6 people because he was an incel.,-1
I need to find a woman to beat the shit out of.,1
"Field report - 100%, undeniable proof that TRP works",0
First time here but first time I saw a TRP in the wild,0
THE 5 STATES OF THE TRUE ALFALFA,1
"You guys, help! I forgot the cheat code to get any woman I want to sleep with me!",0
"[META] UPVOTE THIS IF YOU ARE A STRONG, INDEPENDENT ALFALFA, WHO DONT NEED NO WOMYN!!",1
‘Pick up artist’ seducing stupid men,-1
A theory about female hypergamy at work,0
"Guy from my school makes campaign video with voluptuous women, bitches when he's called out and insists that he respects women.",-1
"Hello fellow alphas, just one question.",0
Need help with hamstering bullshit from plate,-1
"Any of my fellow alfalfas had problems with those lyings whores falsely accusing you of rape? No problem, just make them sign a form before boning.",-1
DAE think that New Year's is a betaday?,0
Hamsterin' all my SMV Shit Tests from now on,-1
Self esteem in women is fucking BULLSHIT,-1
(Feelz report) stupid bitch sighting that totallyhappened.txt,-1
"TRP is love, TRP is life",1
Slypon -- Escalating Kino LIKE A BAWS,1
IAMA Evil Feminazi who needs to be dominated. AMA,-1
Why Women Secretly have a Dark Lust to Be in the Kitchen,0
I was spinning 3 plates and I accidentally broke them. What should I do now ?,-1
Feild Report: Celebrating NYE - TRP style,1
And that high school girl's name? Albert Einstein.,0
Super alfalfa RoK commentator lists his wish-list for a wife,1
War Machine is an alpaca (x-post from /r/cringepics),-1
Dress like an Alpha.,1
THE MOST ALPHA THING YOU CAN DO --- REFUSE TO PAY FOR YOUR KIDS!!,-1
Gotta get dem nuts,-1
"[RPW] ALPHA bf wants to sell our babygirl at 14 for beer, I think we should wait till 16 for good meth money. I know he right but should he beat me for impertinence?",1
"CHECK OUT MY SPIFFY NEW FLAIR, HOPEFULLY ALL YOU BETAS WILL SOMEDAY GET IT (NOT LIKELY LOLZ!!)",1
You're new here? Welcome! Now shut up. Read this.,1
25 Truthful Reasons Why Women Cheat So Easily!,1
"I MEAN FUCKING DO YOU?!? NUH-UH, BETAFAG",0
"Field Report: Stayed in my mom's basement, ate doritos, jacked off",0
popped 30 red pills,0
"Field Report video: Feedback pls, the corned beef line might have been too much?",0
I AM A WOMAN AMA,0
Sluts like to be raped.,-1
"field report, day 856",0
"This woman was being a bitch, so I threw her into a TV. How did I do?",-1
"""Hey guys, I'm having some trouble with theredpill. See,I'm feeling this thing called empa-"" AYE BRO JUST LIFT, LEAVE DEM BETA THOUGHTS BEHIND!",-1
[TW: SHAMELESS FANBOYING] THE MOST ALFALFA MAN IN SPACE COMING TO A TV NEAR YOU!,-1
Good morning alfalfas! Remember that men own all women!,1
[Blue Pill Example] LOOK AT THIS CHUMP WITH HIS WIFE AND KIDS,0
IMPORTANT Feminism and Mental Illness PSA from Sigil,0
Acronym and Glossary Thread,0
"DAE get bothered that the Blue one is ""Alpha"" and the Red one is ""Omega""?",-1
I can't seem to find Molly,0
DAE women shouldn't vote?,0
GF broke up with me after getting some space and meeting other people. Obviously I wasn't a big enough asshole to her!,-1
